{"cameraMode":{"drawMode":0,"name":"Shaded","section":"Shading Mode"},"sceneLighting":true,"audioPlay":false,"sceneViewState":{"showFog":true,"showMaterialUpdate":false,"showSkybox":true,"showFlares":true,"showImageEffects":true,"showParticleSystems":true},"in2DMode":false,"pivot":{"x":255.13621520996095,"y":-125.27516174316406,"z":-271.1146545410156},"rotation":{"x":-0.06217862293124199,"y":-0.9358044862747192,"z":0.21153464913368226,"w":-0.2750755846500397},"size":231.44613647460938,"orthographic":false}