{"cameraMode":{"drawMode":0,"name":"Shaded","section":"Shading Mode"},"sceneLighting":false,"audioPlay":false,"sceneViewState":{"showFog":true,"showMaterialUpdate":true,"showSkybox":false,"showFlares":true,"showImageEffects":true,"showParticleSystems":true},"in2DMode":false,"pivot":{"x":-0.4687713086605072,"y":0.2808752954006195,"z":0.35196471214294436},"rotation":{"x":-0.03032078966498375,"y":-0.9694066643714905,"z":0.16777849197387696,"w":-0.17728157341480256},"size":0.21129637956619264,"orthographic":false}