{"cameraMode":{"drawMode":0,"name":"Shaded","section":"Shading Mode"},"sceneLighting":false,"audioPlay":false,"sceneViewState":{"showFog":true,"showMaterialUpdate":true,"showSkybox":false,"showFlares":true,"showImageEffects":true,"showParticleSystems":true},"in2DMode":false,"pivot":{"x":-0.021514415740966798,"y":-0.2708544135093689,"z":-0.15578413009643556},"rotation":{"x":0.01522340439260006,"y":-0.9689532518386841,"z":0.2389780730009079,"w":0.06171421334147453},"size":3.5842933654785158,"orthographic":false}