{"cameraMode":{"drawMode":0,"name":"Shaded","section":"Shading Mode"},"sceneLighting":true,"audioPlay":false,"sceneViewState":{"showFog":true,"showMaterialUpdate":false,"showSkybox":true,"showFlares":true,"showImageEffects":true,"showParticleSystems":true},"in2DMode":false,"pivot":{"x":-3.270970344543457,"y":12.85604476928711,"z":-1.9865646362304688},"rotation":{"x":-0.10016685724258423,"y":0.8479971885681152,"z":-0.17305396497249604,"w":-0.49083617329597475},"size":8.805679321289063,"orthographic":false}