{"cameraMode":{"drawMode":0,"name":"Shaded","section":"Shading Mode"},"sceneLighting":true,"audioPlay":false,"sceneViewState":{"showFog":true,"showMaterialUpdate":false,"showSkybox":false,"showFlares":true,"showImageEffects":true,"showParticleSystems":true},"in2DMode":false,"pivot":{"x":-0.030071258544921876,"y":0.03128623962402344,"z":0.026317596435546876},"rotation":{"x":-0.09557823091745377,"y":0.8800151348114014,"z":-0.20031166076660157,"w":-0.4198969900608063},"size":36.37306594848633,"orthographic":false}